{
 "los angeles, ca, us": [
  34.0522222, 
  -118.2427778
 ], 
 "dallas, tx, us": [
  32.7833333, 
  -96.8
 ], 
 "london, , uk": [
  [
   51, 
   30, 
   0, 
   "N"
  ], 
  [
   0, 
   7, 
   0, 
   "W"
  ]
 ], 
 "new york, ny, us": [
  [
   40, 
   42, 
   51, 
   "N"
  ], 
  [
   74, 
   0, 
   23, 
   "W"
  ]
 ], 
 "san antonio, tx, us": [
  29.423888900000001, 
  -98.493333300000003
 ], 
 "boulder, co, us": [
  [
   40, 
   0, 
   54, 
   "N"
  ], 
  [
   105, 
   16, 
   12, 
   "W"
  ]
 ], 
 "washington, dc, us": [
  38.895, 
  -77.0366667
 ], 
 "san francisco, ca, us": [
  37.775, 
  -122.4183333
 ], 
 "miami, fl, us": [
  25.7738889, 
  -80.1938889
 ], 
 "austin, tx, us": [
  [
   30, 
   16, 
   0, 
   "N"
  ], 
  [
   97, 
   44, 
   34, 
   "W"
  ]
 ], 
 "paris, , fr": [
  [
   48, 
   52, 
   0, 
   "N"
  ], 
  [
   2, 
   20, 
   0, 
   "E"
  ]
 ], 
 "houston, tx, us": [
  29.7630556, 
  -95.3630556
 ]
}